P,207,0.7224, -0.7336, -1.5825, 0,111,03:11:08.534
M,34,hello, time is 2182871,03:11:08.554
P,34,0.2961, 0.0532, 1.2952, 24036,100,03:11:08.554
P,207,0.7224, -0.7336, -1.5825, 0,111,03:11:08.567
P,207,0.7224, -0.7336, -1.5825, 0,111,03:11:08.601
P,207,0.7224, -0.7336, -1.5825, 0,111,03:11:08.635
M,34,hello, time is 2182971,03:11:08.653
P,34,0.2961, 0.0532, 1.2952, 24037,100,03:11:08.653
P,207,0.7216, -0.7333, -1.6002, 0,111,03:11:08.670
P,207,0.7216, -0.7333, -1.6002, 0,111,03:11:08.705
P,207,0.7216, -0.7333, -1.6002, 0,111,03:11:08.735
M,34,hello, time is 2183071,03:11:08.752
P,34,0.2961, 0.0532, 1.2952, 24038,100,03:11:08.752
P,207,0.7216, -0.7333, -1.6002, 0,111,03:11:08.769
P,207,0.7216, -0.7333, -1.6002, 0,111,03:11:08.802
P,207,0.7216, -0.7333, -1.6002, 0,111,03:11:08.832
M,34,hello, time is 2183171,03:11:08.851
P,34,0.2961, 0.0532, 1.2952, 24039,100,03:11:08.851
P,207,0.7216, -0.7333, -1.6002, 0,111,03:11:08.865
P,207,0.7216, -0.7333, -1.6002, 0,111,03:11:08.906
P,207,0.7216, -0.7333, -1.6002, 0,111,03:11:08.940
M,34,hello, time is 2183271,03:11:08.956
P,34,0.2961, 0.0532, 1.2952, 24040,100,03:11:08.956
P,207,0.7216, -0.7333, -1.6002, 0,111,03:11:08.971
P,207,0.7216, -0.7333, -1.6002, 0,111,03:11:09.005
P,207,0.7216, -0.7333, -1.6002, 0,111,03:11:09.035
M,34,hello, time is 2183371,03:11:09.050
P,34,0.2961, 0.0532, 1.2952, 24041,100,03:11:09.050
P,207,0.7216, -0.7333, -1.6002, 0,111,03:11:09.068
P,207,0.7216, -0.7333, -1.6002, 0,111,03:11:09.103
P,207,0.7216, -0.7333, -1.6002, 0,111,03:11:09.136
P,34,0.2961, 0.0532, 1.2952, 24042,100,03:11:09.151
M,34,hello, time is 2183471,03:11:09.151
P,34,0.2961, 0.0532, 1.2952, 24043,100,03:11:09.151
P,207,0.7216, -0.7333, -1.6002, 0,111,03:11:09.167
P,207,0.7216, -0.7333, -1.6002, 0,111,03:11:09.202
P,207,0.7216, -0.7333, -1.6002, 0,111,03:11:09.233
M,34,hello, time is 2183571,03:11:09.251
P,34,0.2961, 0.0532, 1.2952, 24044,100,03:11:09.251
P,207,0.7216, -0.7333, -1.6002, 0,111,03:11:09.266
P,207,0.7216, -0.7333, -1.6002, 0,111,03:11:09.299
P,207,0.7216, -0.7333, -1.6002, 0,111,03:11:09.337
M,34,hello, time is 2183671,03:11:09.351
P,34,0.2961, 0.0532, 1.2952, 24045,100,03:11:09.351
P,207,0.7216, -0.7333, -1.6002, 0,111,03:11:09.369
P,207,0.7216, -0.7333, -1.6002, 0,111,03:11:09.404
P,207,0.7216, -0.7333, -1.6002, 0,111,03:11:09.437
M,34,hello, time is 2183771,03:11:09.451
P,34,0.2961, 0.0532, 1.2952, 24046,100,03:11:09.451
P,207,0.7216, -0.7333, -1.6002, 0,111,03:11:09.472
P,207,0.7216, -0.7333, -1.6002, 0,111,03:11:09.503
P,207,0.7216, -0.7333, -1.6002, 0,111,03:11:09.540
M,34,hello, time is 2183871,03:11:09.551
P,34,0.2961, 0.0532, 1.2952, 24047,100,03:11:09.551
P,207,0.7216, -0.7333, -1.6002, 0,111,03:11:09.574
P,207,0.7216, -0.7333, -1.6002, 0,111,03:11:09.604
P,207,0.7216, -0.7333, -1.6002, 0,111,03:11:09.638
P,34,0.2961, 0.0532, 1.2952, 24048,100,03:11:09.651
M,34,hello, time is 2183971,03:11:09.651
P,34,0.2961, 0.0532, 1.2952, 24049,100,03:11:09.651
P,207,0.7216, -0.7333, -1.6002, 0,111,03:11:09.669
P,207,0.7216, -0.7333, -1.6002, 0,111,03:11:09.702
P,207,0.7216, -0.7333, -1.6002, 0,111,03:11:09.738
M,34,hello, time is 2184071,03:11:09.752
P,34,0.2961, 0.0532, 1.2952, 24050,100,03:11:09.752
P,207,0.7216, -0.7333, -1.6002, 0,111,03:11:09.769
P,207,0.7216, -0.7333, -1.6002, 0,111,03:11:09.800
P,207,0.7216, -0.7333, -1.6002, 0,111,03:11:09.833
M,34,hello, time is 2184171,03:11:09.851
P,34,0.2961, 0.0532, 1.2952, 24051,100,03:11:09.851
P,207,0.7216, -0.7333, -1.6002, 0,111,03:11:09.867
P,207,0.7216, -0.7333, -1.6002, 0,111,03:11:09.901
P,207,0.7216, -0.7333, -1.6002, 0,111,03:11:09.932
P,34,0.2961, 0.0532, 1.2952, 24052,100,03:11:09.951
M,34,hello, time is 2184271,03:11:09.953
P,34,0.2961, 0.0532, 1.2952, 24053,100,03:11:09.953
P,207,0.7216, -0.7333, -1.6002, 0,111,03:11:09.967
P,207,0.7216, -0.7333, -1.6002, 0,111,03:11:10.001
P,207,0.7216, -0.7333, -1.6002, 0,111,03:11:10.035
P,34,0.2961, 0.0532, 1.2952, 24054,100,03:11:10.053
M,34,hello, time is 2184371,03:11:10.054
P,34,0.2961, 0.0532, 1.2952, 24055,100,03:11:10.054
P,207,0.7216, -0.7333, -1.6002, 0,111,03:11:10.071
P,207,0.7216, -0.7333, -1.6002, 0,111,03:11:10.100
P,207,0.7216, -0.7333, -1.6002, 0,111,03:11:10.136
M,34,hello, time is 2184471,03:11:10.151
P,34,0.2961, 0.0532, 1.2952, 24056,100,03:11:10.151
P,207,0.7216, -0.7333, -1.6002, 0,111,03:11:10.169
P,207,0.7216, -0.7333, -1.6002, 0,111,03:11:10.203
P,207,0.7216, -0.7333, -1.6002, 0,111,03:11:10.238
M,34,hello, time is 2184571,03:11:10.251
P,34,0.2961, 0.0532, 1.2952, 24057,100,03:11:10.251
P,207,0.7216, -0.7333, -1.6002, 0,111,03:11:10.272
P,207,0.7216, -0.7333, -1.6002, 0,111,03:11:10.302
P,207,0.7216, -0.7333, -1.6002, 0,111,03:11:10.333
M,34,hello, time is 2184671,03:11:10.352
P,34,0.2961, 0.0532, 1.2952, 24058,100,03:11:10.352
P,207,0.7216, -0.7333, -1.6002, 0,111,03:11:10.368
P,207,0.7216, -0.7333, -1.6002, 0,111,03:11:10.398
P,207,0.7216, -0.7333, -1.6002, 0,111,03:11:10.433
M,34,hello, time is 2184771,03:11:10.451
P,34,0.2961, 0.0532, 1.2952, 24059,100,03:11:10.451
P,207,0.7216, -0.7333, -1.6002, 0,111,03:11:10.465
P,207,0.7216, -0.7333, -1.6002, 0,111,03:11:10.500
P,207,0.7216, -0.7333, -1.6002, 0,111,03:11:10.533
M,34,hello, time is 2184871,03:11:10.551
P,34,0.2961, 0.0532, 1.2952, 24060,100,03:11:10.551
P,207,0.7216, -0.7333, -1.6002, 0,111,03:11:10.569
P,207,0.7216, -0.7333, -1.6002, 0,111,03:11:10.600
P,207,0.7216, -0.7333, -1.6002, 0,111,03:11:10.633
P,34,0.2961, 0.0532, 1.2952, 24061,100,03:11:10.651
M,34,hello, time is 2184971,03:11:10.651
P,34,0.2961, 0.0532, 1.2952, 24062,100,03:11:10.651
P,207,0.7216, -0.7333, -1.6002, 0,111,03:11:10.670
P,207,0.7216, -0.7333, -1.6002, 0,111,03:11:10.702
P,207,0.7216, -0.7333, -1.6002, 0,111,03:11:10.737
M,34,hello, time is 2185071,03:11:10.751
P,34,0.2961, 0.0532, 1.2952, 24063,100,03:11:10.751
P,207,0.7216, -0.7333, -1.6002, 0,111,03:11:10.770
P,207,0.7216, -0.7333, -1.6002, 0,111,03:11:10.805
P,207,0.7216, -0.7333, -1.6002, 0,111,03:11:10.837
M,34,hello, time is 2185171,03:11:10.851
P,34,0.2961, 0.0532, 1.2952, 24064,100,03:11:10.851
P,207,0.7216, -0.7333, -1.6002, 0,111,03:11:10.866
P,207,0.7216, -0.7333, -1.6002, 0,111,03:11:10.904
P,207,0.7216, -0.7333, -1.6002, 0,111,03:11:10.934
P,34,0.2961, 0.0532, 1.2952, 24065,100,03:11:10.951
M,34,hello, time is 2185271,03:11:10.956
P,34,0.2961, 0.0532, 1.2952, 24066,100,03:11:10.956
P,207,0.7216, -0.7333, -1.6002, 0,111,03:11:10.967
P,207,0.7216, -0.7333, -1.6002, 0,111,03:11:11.003
P,207,0.7216, -0.7333, -1.6002, 0,111,03:11:11.038
M,34,hello, time is 2185371,03:11:11.051
P,34,0.2961, 0.0532, 1.2952, 24067,100,03:11:11.051
P,207,0.7216, -0.7333, -1.6002, 0,111,03:11:11.073
P,207,0.7216, -0.7333, -1.6002, 0,111,03:11:11.109
P,207,0.7216, -0.7333, -1.6002, 0,111,03:11:11.140
M,34,hello, time is 2185471,03:11:11.152
P,34,0.2961, 0.0532, 1.2952, 24068,100,03:11:11.152
P,207,0.7216, -0.7333, -1.6002, 0,111,03:11:11.171
P,207,0.7216, -0.7333, -1.6002, 0,111,03:11:11.201
P,207,0.7216, -0.7333, -1.6002, 0,111,03:11:11.235
M,34,hello, time is 2185571,03:11:11.251
P,34,0.2961, 0.0532, 1.2952, 24069,100,03:11:11.251
P,207,0.7111, -0.7221, -1.5990, 0,111,03:11:11.270
P,207,0.7111, -0.7221, -1.5990, 0,111,03:11:11.303
P,207,0.7107, -0.7213, -1.6144, 0,111,03:11:11.337
M,34,hello, time is 2185671,03:11:11.356
P,34,0.2961, 0.0532, 1.2952, 24070,100,03:11:11.356
P,207,0.7107, -0.7213, -1.6144, 0,111,03:11:11.366
P,207,0.7107, -0.7213, -1.6144, 0,111,03:11:11.401
P,207,0.7107, -0.7213, -1.6144, 0,111,03:11:11.438
M,34,hello, time is 2185771,03:11:11.451
P,34,0.2935, 0.0535, 1.3298, 24071,100,03:11:11.451
P,207,0.7107, -0.7213, -1.6144, 0,111,03:11:11.469
P,207,0.7107, -0.7213, -1.6144, 0,111,03:11:11.504
P,207,0.7128, -0.7226, -1.5823, 0,111,03:11:11.534
M,34,hello, time is 2185871,03:11:11.556
P,34,0.2935, 0.0535, 1.3298, 24072,100,03:11:11.556
P,207,0.7128, -0.7226, -1.5823, 0,111,03:11:11.566
P,207,0.7128, -0.7226, -1.5823, 0,111,03:11:11.604
P,207,0.7128, -0.7226, -1.5823, 0,111,03:11:11.634
M,34,hello, time is 2185971,03:11:11.651
P,34,0.2894, 0.0530, 1.3230, 24073,100,03:11:11.651
P,207,0.7128, -0.7226, -1.5823, 0,111,03:11:11.671
P,207,0.7128, -0.7226, -1.5823, 0,111,03:11:11.704
P,207,0.7128, -0.7226, -1.5823, 0,111,03:11:11.732
M,34,hello, time is 2186071,03:11:11.751
P,34,0.2935, 0.0535, 1.3298, 24074,100,03:11:11.751
P,207,0.7128, -0.7226, -1.5823, 0,111,03:11:11.769
P,207,0.7128, -0.7226, -1.5823, 0,111,03:11:11.799
P,207,0.7128, -0.7226, -1.5823, 0,111,03:11:11.833
M,34,hello, time is 2186171,03:11:11.851
P,34,0.2935, 0.0535, 1.3298, 24075,100,03:11:11.851
P,207,0.7128, -0.7226, -1.5823, 0,111,03:11:11.866
P,207,0.7128, -0.7226, -1.5823, 0,111,03:11:11.903
P,207,0.7128, -0.7226, -1.5823, 0,111,03:11:11.936
M,34,hello, time is 2186271,03:11:11.952
P,34,0.2894, 0.0530, 1.3230, 24076,100,03:11:11.952
P,207,0.7128, -0.7226, -1.5823, 0,111,03:11:11.969
P,207,0.7107, -0.7213, -1.6144, 0,111,03:11:12.000
P,207,0.7107, -0.7213, -1.6144, 0,111,03:11:12.033
M,34,hello, time is 2186371,03:11:12.051
P,34,0.2935, 0.0535, 1.3298, 24077,100,03:11:12.051
P,207,0.7128, -0.7226, -1.5823, 0,111,03:11:12.067
P,207,0.7128, -0.7226, -1.5823, 0,111,03:11:12.098
P,207,0.7128, -0.7226, -1.5823, 0,111,03:11:12.135
P,34,0.2935, 0.0535, 1.3298, 24078,100,03:11:12.151
M,34,hello, time is 2186471,03:11:12.152
P,34,0.2935, 0.0535, 1.3298, 24079,100,03:11:12.152
P,207,0.7128, -0.7226, -1.5823, 0,111,03:11:12.169
P,207,0.7128, -0.7226, -1.5823, 0,111,03:11:12.201
P,207,0.7128, -0.7226, -1.5823, 0,111,03:11:12.233
M,34,hello, time is 2186571,03:11:12.254
P,34,0.2935, 0.0535, 1.3298, 24080,100,03:11:12.254
P,207,0.7128, -0.7226, -1.5823, 0,111,03:11:12.267
P,207,0.7128, -0.7226, -1.5823, 0,111,03:11:12.299
P,207,0.7128, -0.7226, -1.5823, 0,111,03:11:12.333
M,34,hello, time is 2186671,03:11:12.352
P,34,0.2894, 0.0530, 1.3230, 24081,100,03:11:12.352
P,207,0.7128, -0.7226, -1.5823, 0,111,03:11:12.369
P,207,0.7128, -0.7226, -1.5823, 0,111,03:11:12.404
P,207,0.7128, -0.7226, -1.5823, 0,111,03:11:12.432
M,34,hello, time is 2186771,03:11:12.451
P,34,0.2935, 0.0535, 1.3298, 24082,100,03:11:12.451
P,207,0.7128, -0.7226, -1.5823, 0,111,03:11:12.469
P,207,0.7128, -0.7226, -1.5823, 0,111,03:11:12.500
P,207,0.7128, -0.7226, -1.5823, 0,111,03:11:12.534
M,34,hello, time is 2186871,03:11:12.551
P,34,0.2935, 0.0535, 1.3298, 24083,100,03:11:12.551
P,207,0.7107, -0.7213, -1.6144, 0,111,03:11:12.567
P,207,0.7128, -0.7226, -1.5823, 0,111,03:11:12.602
P,207,0.7128, -0.7226, -1.5823, 0,111,03:11:12.633
P,34,0.2935, 0.0535, 1.3298, 24084,100,03:11:12.651
M,34,hello, time is 2186971,03:11:12.652
P,34,0.2935, 0.0535, 1.3298, 24085,100,03:11:12.652
P,207,0.7128, -0.7226, -1.5823, 0,111,03:11:12.668
P,207,0.7128, -0.7226, -1.5823, 0,111,03:11:12.699
P,207,0.7128, -0.7226, -1.5823, 0,111,03:11:12.733
M,34,hello, time is 2187071,03:11:12.751
P,34,0.2935, 0.0535, 1.3298, 24086,100,03:11:12.751
P,207,0.7128, -0.7226, -1.5823, 0,111,03:11:12.770
P,207,0.7128, -0.7226, -1.5823, 0,111,03:11:12.799
P,207,0.7128, -0.7226, -1.5823, 0,111,03:11:12.834
M,34,hello, time is 2187171,03:11:12.851
P,34,0.2935, 0.0535, 1.3298, 24087,100,03:11:12.851
P,207,0.7128, -0.7226, -1.5823, 0,111,03:11:12.865
P,207,0.7128, -0.7226, -1.5823, 0,111,03:11:12.902
P,207,0.7128, -0.7226, -1.5823, 0,111,03:11:12.937
P,34,0.2935, 0.0535, 1.3298, 24088,100,03:11:12.951
M,34,hello, time is 2187271,03:11:12.951
P,34,0.2935, 0.0535, 1.3298, 24089,100,03:11:12.952
P,207,0.7128, -0.7226, -1.5823, 0,111,03:11:12.973
P,207,0.7128, -0.7226, -1.5823, 0,111,03:11:13.003
P,207,0.7128, -0.7226, -1.5823, 0,111,03:11:13.033
M,34,hello, time is 2187371,03:11:13.051
P,34,0.2894, 0.0530, 1.3230, 24090,100,03:11:13.051
P,207,0.7128, -0.7226, -1.5823, 0,111,03:11:13.067
P,207,0.7128, -0.7226, -1.5823, 0,111,03:11:13.099
P,207,0.7128, -0.7226, -1.5823, 0,111,03:11:13.132
P,34,0.2935, 0.0535, 1.3298, 24091,100,03:11:13.152
M,34,hello, time is 2187471,03:11:13.153
P,34,0.2935, 0.0535, 1.3298, 24092,100,03:11:13.153
P,207,0.7128, -0.7226, -1.5823, 0,111,03:11:13.168
P,207,0.7128, -0.7226, -1.5823, 0,111,03:11:13.198
P,207,0.7128, -0.7226, -1.5823, 0,111,03:11:13.232
M,34,hello, time is 2187571,03:11:13.252
P,34,0.2894, 0.0530, 1.3230, 24093,100,03:11:13.252
P,207,0.7128, -0.7226, -1.5823, 0,111,03:11:13.269
P,207,0.7128, -0.7226, -1.5823, 0,111,03:11:13.300
P,207,0.7128, -0.7226, -1.5823, 0,111,03:11:13.333
M,34,hello, time is 2187671,03:11:13.351
P,34,0.2935, 0.0535, 1.3298, 24094,100,03:11:13.351
P,207,0.7128, -0.7226, -1.5823, 0,111,03:11:13.364
P,207,0.7128, -0.7226, -1.5823, 0,111,03:11:13.401
P,207,0.7128, -0.7226, -1.5823, 0,111,03:11:13.433
P,34,0.2894, 0.0530, 1.3230, 24095,100,03:11:13.452
M,34,hello, time is 2187771,03:11:13.457
P,34,0.2894, 0.0530, 1.3230, 24096,100,03:11:13.457
P,207,0.7128, -0.7226, -1.5823, 0,111,03:11:13.465
P,207,0.7128, -0.7226, -1.5823, 0,111,03:11:13.503
P,207,0.7128, -0.7226, -1.5823, 0,111,03:11:13.536
M,34,hello, time is 2187871,03:11:13.551
P,34,0.2935, 0.0535, 1.3298, 24097,100,03:11:13.551
P,207,0.7128, -0.7226, -1.5823, 0,111,03:11:13.569
P,207,0.7128, -0.7226, -1.5823, 0,111,03:11:13.599
P,207,0.7128, -0.7226, -1.5823, 0,111,03:11:13.633
P,34,0.2935, 0.0535, 1.3298, 24098,100,03:11:13.651
M,34,hello, time is 2187971,03:11:13.651
P,34,0.2935, 0.0535, 1.3298, 24099,100,03:11:13.651
P,207,0.7128, -0.7226, -1.5823, 0,111,03:11:13.670
P,207,0.7128, -0.7226, -1.5823, 0,111,03:11:13.703
P,207,0.7128, -0.7226, -1.5823, 0,111,03:11:13.733
M,34,hello, time is 2188071,03:11:13.751
P,34,0.2935, 0.0535, 1.3298, 24100,100,03:11:13.751
P,207,0.7128, -0.7226, -1.5823, 0,111,03:11:13.768
P,207,0.7128, -0.7226, -1.5823, 0,111,03:11:13.802
P,207,0.7128, -0.7226, -1.5823, 0,111,03:11:13.831
M,34,hello, time is 2188171,03:11:13.851
P,34,0.2935, 0.0535, 1.3298, 24101,100,03:11:13.851
P,207,0.7128, -0.7226, -1.5823, 0,111,03:11:13.866
P,207,0.7128, -0.7226, -1.5823, 0,111,03:11:13.900
P,207,0.7128, -0.7226, -1.5823, 0,111,03:11:13.932
M,34,hello, time is 2188271,03:11:13.951
P,34,0.2946, 0.0540, 1.5121, 24102,100,03:11:13.951
P,207,0.7128, -0.7226, -1.5823, 0,111,03:11:13.970
P,207,0.7128, -0.7226, -1.5823, 0,111,03:11:14.002
P,207,0.7128, -0.7226, -1.5823, 0,111,03:11:14.033
M,34,hello, time is 2188371,03:11:14.053
P,34,0.2946, 0.0540, 1.5121, 24102,90,03:11:14.053
P,207,0.7128, -0.7226, -1.5823, 0,111,03:11:14.067
P,207,0.7128, -0.7226, -1.5823, 0,111,03:11:14.101
P,207,0.7128, -0.7226, -1.5823, 0,111,03:11:14.136
M,34,hello, time is 2188471,03:11:14.151
P,34,0.2946, 0.0540, 1.5121, 24102,80,03:11:14.151
P,207,0.7128, -0.7226, -1.5823, 0,111,03:11:14.172
P,207,0.7128, -0.7226, -1.5823, 0,111,03:11:14.205
P,207,0.7107, -0.7213, -1.6144, 0,111,03:11:14.239
M,34,hello, time is 2188571,03:11:14.252
P,34,0.2946, 0.0540, 1.5121, 24102,70,03:11:14.252
P,207,0.7107, -0.7213, -1.6144, 0,111,03:11:14.270
P,207,0.7107, -0.7213, -1.6144, 0,111,03:11:14.303
P,207,0.7128, -0.7226, -1.5823, 0,111,03:11:14.333
M,34,hello, time is 2188671,03:11:14.351
P,34,0.2946, 0.0540, 1.5121, 24102,70,03:11:14.351
P,207,0.7107, -0.7213, -1.6144, 0,111,03:11:14.368
P,207,0.7128, -0.7226, -1.5823, 0,111,03:11:14.398
P,207,0.7128, -0.7226, -1.5823, 0,111,03:11:14.432
M,34,hello, time is 2188771,03:11:14.451
P,34,0.2946, 0.0540, 1.5121, 24102,60,03:11:14.451
P,207,0.7128, -0.7226, -1.5823, 0,111,03:11:14.464
P,207,0.7128, -0.7226, -1.5823, 0,111,03:11:14.498
P,207,0.7128, -0.7226, -1.5823, 0,111,03:11:14.532
M,34,hello, time is 2188871,03:11:14.551
P,34,0.2946, 0.0540, 1.5121, 24102,50,03:11:14.551
P,207,0.7128, -0.7226, -1.5823, 0,111,03:11:14.569
P,207,0.7128, -0.7226, -1.5823, 0,111,03:11:14.604
P,207,0.7128, -0.7226, -1.5823, 0,111,03:11:14.635
P,34,0.2946, 0.0540, 1.5121, 24102,40,03:11:14.651
M,34,hello, time is 2188971,03:11:14.652
P,34,0.2946, 0.0540, 1.5121, 24102,30,03:11:14.652
P,207,0.7128, -0.7226, -1.5823, 0,111,03:11:14.664
P,207,0.7128, -0.7226, -1.5823, 0,111,03:11:14.700
P,207,0.7128, -0.7226, -1.5823, 0,111,03:11:14.731
M,34,hello, time is 2189071,03:11:14.751
P,34,0.2946, 0.0540, 1.5121, 24102,20,03:11:14.751
P,207,0.7107, -0.7213, -1.6144, 0,111,03:11:14.764
P,207,0.7107, -0.7213, -1.6144, 0,111,03:11:14.800
P,207,0.7107, -0.7213, -1.6144, 0,111,03:11:14.833
M,34,hello, time is 2189171,03:11:14.851
P,34,0.2946, 0.0540, 1.5121, 24102,10,03:11:14.851
P,207,0.7107, -0.7213, -1.6144, 0,111,03:11:14.868
P,207,0.7107, -0.7213, -1.6144, 0,111,03:11:14.901
P,207,0.7128, -0.7226, -1.5823, 0,111,03:11:14.935
M,34,hello, time is 2189271,03:11:14.953
P,34,0.2946, 0.0540, 1.5121, 24102,0,03:11:14.953
P,207,0.7128, -0.7226, -1.5823, 0,111,03:11:14.966
P,207,0.7107, -0.7213, -1.6144, 0,111,03:11:15.000
P,207,0.7128, -0.7226, -1.5823, 0,111,03:11:15.033
M,34,hello, time is 2189371,03:11:15.051
P,34,0.2946, 0.0540, 1.5121, 24102,0,03:11:15.051
P,207,0.7128, -0.7226, -1.5823, 0,111,03:11:15.072
P,207,0.7128, -0.7226, -1.5823, 0,111,03:11:15.102
P,207,0.7128, -0.7226, -1.5823, 0,111,03:11:15.135
P,34,0.2946, 0.0540, 1.5121, 24102,0,03:11:15.151
M,34,hello, time is 2189471,03:11:15.151
P,34,0.2946, 0.0540, 1.5121, 24102,0,03:11:15.151
P,207,0.7128, -0.7226, -1.5823, 0,111,03:11:15.165
P,207,0.7128, -0.7226, -1.5823, 0,111,03:11:15.199
P,207,0.7128, -0.7226, -1.5823, 0,111,03:11:15.233
M,34,hello, time is 2189571,03:11:15.251
P,34,0.2946, 0.0540, 1.5121, 24102,0,03:11:15.251
P,207,0.7128, -0.7226, -1.5823, 0,111,03:11:15.267
P,207,0.7128, -0.7226, -1.5823, 0,111,03:11:15.299
P,207,0.7128, -0.7226, -1.5823, 0,111,03:11:15.335
M,34,hello, time is 2189671,03:11:15.354
P,34,0.2946, 0.0540, 1.5121, 24102,0,03:11:15.354
P,207,0.7107, -0.7213, -1.6144, 0,111,03:11:15.368
P,207,0.7107, -0.7213, -1.6144, 0,111,03:11:15.403
P,207,0.7128, -0.7226, -1.5823, 0,111,03:11:15.434
M,34,hello, time is 2189771,03:11:15.451
P,34,0.2946, 0.0540, 1.5121, 24102,0,03:11:15.451
P,207,0.7107, -0.7213, -1.6144, 0,111,03:11:15.468
P,207,0.7107, -0.7213, -1.6144, 0,111,03:11:15.502
P,207,0.7107, -0.7213, -1.6144, 0,111,03:11:15.535
P,34,0.2946, 0.0540, 1.5121, 24102,0,03:11:15.551
M,34,hello, time is 2189871,03:11:15.558
P,34,0.2946, 0.0540, 1.5121, 24102,0,03:11:15.558
P,207,0.7128, -0.7226, -1.5823, 0,111,03:11:15.565
P,207,0.7128, -0.7226, -1.5823, 0,111,03:11:15.602
P,207,0.7128, -0.7226, -1.5823, 0,111,03:11:15.633
M,34,hello, time is 2189971,03:11:15.653
P,34,0.2946, 0.0540, 1.5121, 24102,0,03:11:15.653
P,207,0.7107, -0.7213, -1.6144, 0,111,03:11:15.667
P,207,0.7107, -0.7213, -1.6144, 0,111,03:11:15.706
P,207,0.7128, -0.7226, -1.5823, 0,111,03:11:15.739
M,34,hello, time is 2190071,03:11:15.751
P,34,0.2946, 0.0540, 1.5121, 24102,0,03:11:15.751
P,207,0.7128, -0.7226, -1.5823, 0,111,03:11:15.770
P,207,0.7128, -0.7226, -1.5823, 0,111,03:11:15.801
P,207,0.7128, -0.7226, -1.5823, 0,111,03:11:15.834
M,34,hello, time is 2190171,03:11:15.851
P,34,0.2946, 0.0540, 1.5121, 24102,0,03:11:15.851
P,207,0.7128, -0.7226, -1.5823, 0,111,03:11:15.868
P,207,0.7128, -0.7226, -1.5823, 0,111,03:11:15.901
P,207,0.7128, -0.7226, -1.5823, 0,111,03:11:15.935
M,34,hello, time is 2190271,03:11:15.951
P,34,0.2877, 0.0617, 1.6691, 24103,10,03:11:15.951
P,207,0.7128, -0.7226, -1.5823, 0,111,03:11:15.973
P,207,0.7128, -0.7226, -1.5823, 0,111,03:11:16.005
P,207,0.7107, -0.7213, -1.6144, 0,111,03:11:16.037
M,34,hello, time is 2190371,03:11:16.051
P,34,0.2908, 0.0621, 1.6787, 24104,20,03:11:16.051
P,207,0.7107, -0.7213, -1.6144, 0,111,03:11:16.068
P,207,0.7107, -0.7213, -1.6144, 0,111,03:11:16.103
P,207,0.7128, -0.7226, -1.5823, 0,111,03:11:16.136
P,34,0.2872, 0.0609, 1.6925, 24105,30,03:11:16.151
M,34,hello, time is 2190471,03:11:16.151
P,34,0.2872, 0.0609, 1.6925, 24106,30,03:11:16.151
P,207,0.7128, -0.7226, -1.5823, 0,111,03:11:16.166
P,207,0.7128, -0.7226, -1.5823, 0,111,03:11:16.198
P,207,0.7128, -0.7226, -1.5823, 0,111,03:11:16.230
P,34,0.2765, 0.0589, 1.6621, 24107,40,03:11:16.251
M,34,hello, time is 2190571,03:11:16.252
P,34,0.2765, 0.0589, 1.6621, 24108,50,03:11:16.252
P,207,0.7107, -0.7213, -1.6144, 0,111,03:11:16.264
P,207,0.7107, -0.7213, -1.6144, 0,111,03:11:16.298
P,207,0.7128, -0.7226, -1.5823, 0,111,03:11:16.333
M,34,hello, time is 2190671,03:11:16.351
P,34,0.2765, 0.0589, 1.6621, 24109,60,03:11:16.351
P,207,0.7128, -0.7226, -1.5823, 0,111,03:11:16.368
P,207,0.7128, -0.7226, -1.5823, 0,111,03:11:16.398
P,207,0.7107, -0.7213, -1.6144, 0,111,03:11:16.431
M,34,hello, time is 2190771,03:11:16.453
P,34,0.2800, 0.0601, 1.6448, 24110,70,03:11:16.453
P,207,0.7107, -0.7213, -1.6144, 0,111,03:11:16.466
P,207,0.7128, -0.7226, -1.5823, 0,111,03:11:16.502
P,207,0.7128, -0.7226, -1.5823, 0,111,03:11:16.536
M,34,hello, time is 2190871,03:11:16.551
P,34,0.2765, 0.0589, 1.6621, 24111,80,03:11:16.551
P,207,0.7128, -0.7226, -1.5823, 0,111,03:11:16.569
P,207,0.7128, -0.7226, -1.5823, 0,111,03:11:16.599
P,207,0.7128, -0.7226, -1.5823, 0,111,03:11:16.630
P,34,0.2765, 0.0589, 1.6621, 24112,90,03:11:16.651
M,34,hello, time is 2190971,03:11:16.651
P,34,0.2765, 0.0589, 1.6621, 24113,100,03:11:16.651
P,207,0.7128, -0.7226, -1.5823, 0,111,03:11:16.665
P,207,0.7128, -0.7226, -1.5823, 0,111,03:11:16.695
P,207,0.7128, -0.7226, -1.5823, 0,111,03:11:16.731
M,34,hello, time is 2191071,03:11:16.751
P,34,0.2765, 0.0589, 1.6621, 24114,100,03:11:16.751
P,207,0.7107, -0.7213, -1.6144, 0,111,03:11:16.764
P,207,0.7107, -0.7213, -1.6144, 0,111,03:11:16.799
P,207,0.7128, -0.7226, -1.5823, 0,111,03:11:16.833
P,34,0.2765, 0.0589, 1.6621, 24115,100,03:11:16.851
M,34,hello, time is 2191171,03:11:16.852
P,34,0.2765, 0.0589, 1.6621, 24116,100,03:11:16.852
P,207,0.7128, -0.7226, -1.5823, 0,111,03:11:16.869
P,207,0.7128, -0.7226, -1.5823, 0,111,03:11:16.901
P,207,0.7128, -0.7226, -1.5823, 0,111,03:11:16.931
M,34,hello, time is 2191271,03:11:16.951
P,34,0.2765, 0.0589, 1.6621, 24117,100,03:11:16.951
P,207,0.7128, -0.7226, -1.5823, 0,111,03:11:16.968
P,207,0.7128, -0.7226, -1.5823, 0,111,03:11:17.003
P,207,0.7128, -0.7226, -1.5823, 0,111,03:11:17.036
M,34,hello, time is 2191371,03:11:17.051
P,34,0.2765, 0.0589, 1.6621, 24118,100,03:11:17.051
P,207,0.7128, -0.7226, -1.5823, 0,111,03:11:17.066
P,207,0.7128, -0.7226, -1.5823, 0,111,03:11:17.098
P,207,0.7128, -0.7226, -1.5823, 0,111,03:11:17.129
P,34,0.2765, 0.0589, 1.6621, 24119,100,03:11:17.151
M,34,hello, time is 2191471,03:11:17.154
P,34,0.2765, 0.0589, 1.6621, 24120,100,03:11:17.154
P,207,0.7128, -0.7226, -1.5823, 0,111,03:11:17.162
P,207,0.7128, -0.7226, -1.5823, 0,111,03:11:17.199
P,207,0.7128, -0.7226, -1.5823, 0,111,03:11:17.233
M,34,hello, time is 2191571,03:11:17.256
P,34,0.2765, 0.0589, 1.6621, 24121,100,03:11:17.256
P,207,0.7128, -0.7226, -1.5823, 0,111,03:11:17.268
P,207,0.7128, -0.7226, -1.5823, 0,111,03:11:17.300
P,207,0.7128, -0.7226, -1.5823, 0,111,03:11:17.337
M,34,hello, time is 2191671,03:11:17.352
P,34,0.2765, 0.0589, 1.6621, 24122,100,03:11:17.352
P,207,0.7128, -0.7226, -1.5823, 0,111,03:11:17.371
P,207,0.7128, -0.7226, -1.5823, 0,111,03:11:17.402
P,207,0.7128, -0.7226, -1.5823, 0,111,03:11:17.435
M,34,hello, time is 2191771,03:11:17.451
P,34,0.2765, 0.0589, 1.6621, 24123,100,03:11:17.451
P,207,0.7128, -0.7226, -1.5823, 0,111,03:11:17.468
P,207,0.7128, -0.7226, -1.5823, 0,111,03:11:17.504
P,207,0.7128, -0.7226, -1.5823, 0,111,03:11:17.537
M,34,hello, time is 2191871,03:11:17.551
P,34,0.2765, 0.0589, 1.6621, 24124,100,03:11:17.551
P,207,0.7128, -0.7226, -1.5823, 0,111,03:11:17.569
P,207,0.7128, -0.7226, -1.5823, 0,111,03:11:17.605
P,207,0.7128, -0.7226, -1.5823, 0,111,03:11:17.636
P,34,0.2765, 0.0589, 1.6621, 24125,100,03:11:17.651
M,34,hello, time is 2191971,03:11:17.653
P,34,0.2765, 0.0589, 1.6621, 24126,100,03:11:17.653
P,207,0.7128, -0.7226, -1.5823, 0,111,03:11:17.669
P,207,0.7128, -0.7226, -1.5823, 0,111,03:11:17.700
P,207,0.7128, -0.7226, -1.5823, 0,111,03:11:17.734
M,34,hello, time is 2192071,03:11:17.751
P,34,0.2765, 0.0589, 1.6621, 24127,100,03:11:17.751
P,207,0.7128, -0.7226, -1.5823, 0,111,03:11:17.770
P,207,0.7128, -0.7226, -1.5823, 0,111,03:11:17.800
P,207,0.7128, -0.7226, -1.5823, 0,111,03:11:17.837
M,34,hello, time is 2192171,03:11:17.852
P,34,0.2765, 0.0589, 1.6621, 24128,100,03:11:17.852
P,207,0.7128, -0.7226, -1.5823, 0,111,03:11:17.867
P,207,0.7128, -0.7226, -1.5823, 0,111,03:11:17.897
P,207,0.7128, -0.7226, -1.5823, 0,111,03:11:17.930
M,34,hello, time is 2192271,03:11:17.952
P,34,0.2765, 0.0589, 1.6621, 24129,100,03:11:17.952
P,207,0.7128, -0.7226, -1.5823, 0,111,03:11:17.964
P,207,0.7128, -0.7226, -1.5823, 0,111,03:11:18.002
P,207,0.7128, -0.7226, -1.5823, 0,111,03:11:18.033
M,34,hello, time is 2192371,03:11:18.050
P,34,0.2765, 0.0589, 1.6621, 24130,100,03:11:18.051
P,207,0.7128, -0.7226, -1.5823, 0,111,03:11:18.066
P,207,0.7128, -0.7226, -1.5823, 0,111,03:11:18.101
P,207,0.7128, -0.7226, -1.5823, 0,111,03:11:18.130
P,34,0.2765, 0.0589, 1.6621, 24131,100,03:11:18.151
M,34,hello, time is 2192471,03:11:18.154
P,34,0.2765, 0.0589, 1.6621, 24132,100,03:11:18.154
P,207,0.7128, -0.7226, -1.5823, 0,111,03:11:18.165
P,207,0.7128, -0.7226, -1.5823, 0,111,03:11:18.199
P,207,0.7128, -0.7226, -1.5823, 0,111,03:11:18.233
M,34,hello, time is 2192571,03:11:18.252
P,34,0.2765, 0.0589, 1.6621, 24133,100,03:11:18.252
P,207,0.7128, -0.7226, -1.5823, 0,111,03:11:18.271
P,207,0.7128, -0.7226, -1.5823, 0,111,03:11:18.305
P,207,0.7128, -0.7226, -1.5823, 0,111,03:11:18.337
M,34,hello, time is 2192671,03:11:18.352
P,34,0.2765, 0.0589, 1.6621, 24134,100,03:11:18.352
P,207,0.7128, -0.7226, -1.5823, 0,111,03:11:18.370
P,207,0.7128, -0.7226, -1.5823, 0,111,03:11:18.405
P,207,0.7128, -0.7226, -1.5823, 0,111,03:11:18.436
M,34,hello, time is 2192771,03:11:18.451
P,34,0.2765, 0.0589, 1.6621, 24135,100,03:11:18.451
P,207,0.7128, -0.7226, -1.5823, 0,111,03:11:18.470
P,207,0.7128, -0.7226, -1.5823, 0,111,03:11:18.505
P,207,0.7128, -0.7226, -1.5823, 0,111,03:11:18.536
M,34,hello, time is 2192871,03:11:18.551
P,34,0.2765, 0.0589, 1.6621, 24136,100,03:11:18.551
P,207,0.7107, -0.7213, -1.6144, 0,111,03:11:18.567
P,207,0.7128, -0.7226, -1.5823, 0,111,03:11:18.598
P,207,0.7128, -0.7226, -1.5823, 0,111,03:11:18.635
P,34,0.2765, 0.0589, 1.6621, 24137,100,03:11:18.652
M,34,hello, time is 2192971,03:11:18.652
P,34,0.2765, 0.0589, 1.6621, 24138,100,03:11:18.652
P,207,0.7128, -0.7226, -1.5823, 0,111,03:11:18.665
P,207,0.7128, -0.7226, -1.5823, 0,111,03:11:18.699
P,207,0.7128, -0.7226, -1.5823, 0,111,03:11:18.735
M,34,hello, time is 2193071,03:11:18.751
P,34,0.2765, 0.0589, 1.6621, 24139,100,03:11:18.751
P,207,0.7128, -0.7226, -1.5823, 0,111,03:11:18.769
P,207,0.7128, -0.7226, -1.5823, 0,111,03:11:18.800
P,207,0.7128, -0.7226, -1.5823, 0,111,03:11:18.833
M,34,hello, time is 2193171,03:11:18.851
P,34,0.2765, 0.0589, 1.6621, 24140,100,03:11:18.851
P,207,0.7128, -0.7226, -1.5823, 0,111,03:11:18.864
P,207,0.7128, -0.7226, -1.5823, 0,111,03:11:18.897
P,207,0.7128, -0.7226, -1.5823, 0,111,03:11:18.933
M,34,hello, time is 2193271,03:11:18.951
P,34,0.2765, 0.0589, 1.6621, 24141,100,03:11:18.951
P,207,0.7128, -0.7226, -1.5823, 0,111,03:11:18.966
P,207,0.7128, -0.7226, -1.5823, 0,111,03:11:19.004
P,207,0.7128, -0.7226, -1.5823, 0,111,03:11:19.036
M,34,hello, time is 2193371,03:11:19.051
P,34,0.2765, 0.0589, 1.6621, 24142,100,03:11:19.051
P,207,0.7128, -0.7226, -1.5823, 0,111,03:11:19.067
P,207,0.7128, -0.7226, -1.5823, 0,111,03:11:19.097
P,207,0.7128, -0.7226, -1.5823, 0,111,03:11:19.130
P,34,0.2765, 0.0589, 1.6621, 24143,100,03:11:19.151
M,34,hello, time is 2193471,03:11:19.151
P,34,0.2765, 0.0589, 1.6621, 24144,100,03:11:19.151
P,207,0.7128, -0.7226, -1.5823, 0,111,03:11:19.161
P,207,0.7128, -0.7226, -1.5823, 0,111,03:11:19.195
P,207,0.7107, -0.7213, -1.6144, 0,111,03:11:19.229
M,34,hello, time is 2193571,03:11:19.253
P,34,0.2765, 0.0589, 1.6621, 24145,100,03:11:19.253
P,207,0.7107, -0.7213, -1.6144, 0,111,03:11:19.263
P,207,0.7128, -0.7226, -1.5823, 0,111,03:11:19.299
P,207,0.7128, -0.7226, -1.5823, 0,111,03:11:19.331
M,34,hello, time is 2193671,03:11:19.351
P,34,0.2765, 0.0589, 1.6621, 24146,100,03:11:19.351
P,207,0.7107, -0.7213, -1.6144, 0,111,03:11:19.366
P,207,0.7128, -0.7226, -1.5823, 0,111,03:11:19.398
P,207,0.7128, -0.7226, -1.5823, 0,111,03:11:19.433
M,34,hello, time is 2193771,03:11:19.451
P,34,0.2765, 0.0589, 1.6621, 24147,100,03:11:19.451
P,207,0.7128, -0.7226, -1.5823, 0,111,03:11:19.467
P,207,0.7128, -0.7226, -1.5823, 0,111,03:11:19.498
P,207,0.7128, -0.7226, -1.5823, 0,111,03:11:19.533
M,34,hello, time is 2193871,03:11:19.551
P,34,0.2765, 0.0589, 1.6621, 24148,100,03:11:19.551
P,207,0.7128, -0.7226, -1.5823, 0,111,03:11:19.568
P,207,0.7128, -0.7226, -1.5823, 0,111,03:11:19.599
P,207,0.7128, -0.7226, -1.5823, 0,111,03:11:19.635
P,34,0.2765, 0.0589, 1.6621, 24149,100,03:11:19.651
M,34,hello, time is 2193971,03:11:19.651
P,34,0.2765, 0.0589, 1.6621, 24150,100,03:11:19.651
P,207,0.7128, -0.7226, -1.5823, 0,111,03:11:19.672
P,207,0.7128, -0.7226, -1.5823, 0,111,03:11:19.702
P,207,0.7128, -0.7226, -1.5823, 0,111,03:11:19.733
P,34,0.2765, 0.0589, 1.6621, 24151,100,03:11:19.751
M,34,hello, time is 2194071,03:11:19.753
P,34,0.2765, 0.0589, 1.6621, 24152,100,03:11:19.753
P,207,0.7128, -0.7226, -1.5823, 0,111,03:11:19.763
P,207,0.7128, -0.7226, -1.5823, 0,111,03:11:19.796
P,207,0.7128, -0.7226, -1.5823, 0,111,03:11:19.829
P,34,0.2765, 0.0589, 1.6621, 24153,100,03:11:19.853
M,34,hello, time is 2194171,03:11:19.858
P,34,0.2765, 0.0589, 1.6621, 24154,100,03:11:19.858
P,207,0.7128, -0.7226, -1.5823, 0,111,03:11:19.864
P,207,0.7128, -0.7226, -1.5823, 0,111,03:11:19.896
P,207,0.7107, -0.7213, -1.6144, 0,111,03:11:19.930
M,34,hello, time is 2194271,03:11:19.951
P,34,0.2765, 0.0589, 1.6621, 24155,100,03:11:19.951
P,207,0.7128, -0.7226, -1.5823, 0,111,03:11:19.962
P,207,0.7128, -0.7226, -1.5823, 0,111,03:11:19.999
P,207,0.7128, -0.7226, -1.5823, 0,111,03:11:20.032
M,34,hello, time is 2194371,03:11:20.051
P,34,0.2765, 0.0589, 1.6621, 24156,100,03:11:20.051
P,207,0.7128, -0.7226, -1.5823, 0,111,03:11:20.067
P,207,0.7128, -0.7226, -1.5823, 0,111,03:11:20.098
P,207,0.7128, -0.7226, -1.5823, 0,111,03:11:20.129
P,34,0.2765, 0.0589, 1.6621, 24157,100,03:11:20.151
M,34,hello, time is 2194471,03:11:20.151
P,34,0.2765, 0.0589, 1.6621, 24158,100,03:11:20.151
P,207,0.7128, -0.7226, -1.5823, 0,111,03:11:20.165
P,207,0.7128, -0.7226, -1.5823, 0,111,03:11:20.200
P,207,0.7128, -0.7226, -1.5823, 0,111,03:11:20.231
M,34,hello, time is 2194571,03:11:20.256
P,34,0.2765, 0.0589, 1.6621, 24159,100,03:11:20.256
P,207,0.7128, -0.7226, -1.5823, 0,111,03:11:20.261
P,207,0.7128, -0.7226, -1.5823, 0,111,03:11:20.300
P,207,0.7128, -0.7226, -1.5823, 0,111,03:11:20.334
M,34,hello, time is 2194671,03:11:20.351
P,34,0.2765, 0.0589, 1.6621, 24160,100,03:11:20.351
P,207,0.7128, -0.7226, -1.5823, 0,111,03:11:20.368
P,207,0.7128, -0.7226, -1.5823, 0,111,03:11:20.398
P,207,0.7128, -0.7226, -1.5823, 0,111,03:11:20.436
M,34,hello, time is 2194771,03:11:20.451
P,34,0.2765, 0.0589, 1.6621, 24161,100,03:11:20.451
P,207,0.7128, -0.7226, -1.5823, 0,111,03:11:20.465
P,207,0.7128, -0.7226, -1.5823, 0,111,03:11:20.504
P,207,0.7128, -0.7226, -1.5823, 0,111,03:11:20.538
M,34,hello, time is 2194871,03:11:20.551
P,34,0.2765, 0.0589, 1.6621, 24162,100,03:11:20.551
P,207,0.7128, -0.7226, -1.5823, 0,111,03:11:20.572
P,207,0.7128, -0.7226, -1.5823, 0,111,03:11:20.603
P,207,0.7128, -0.7226, -1.5823, 0,111,03:11:20.636
P,34,0.2765, 0.0589, 1.6621, 24163,100,03:11:20.651
M,34,hello, time is 2194971,03:11:20.651
P,34,0.2765, 0.0589, 1.6621, 24164,100,03:11:20.651
P,207,0.7128, -0.7226, -1.5823, 0,111,03:11:20.669
P,207,0.7128, -0.7226, -1.5823, 0,111,03:11:20.700
P,207,0.7128, -0.7226, -1.5823, 0,111,03:11:20.734
P,34,0.2765, 0.0589, 1.6621, 24165,100,03:11:20.752
M,34,hello, time is 2195071,03:11:20.753
P,34,0.2765, 0.0589, 1.6621, 24166,100,03:11:20.753
P,207,0.7128, -0.7226, -1.5823, 0,111,03:11:20.764
P,207,0.7128, -0.7226, -1.5823, 0,111,03:11:20.798
P,207,0.7128, -0.7226, -1.5823, 0,111,03:11:20.831
M,34,hello, time is 2195171,03:11:20.856
P,34,0.2765, 0.0589, 1.6621, 24167,100,03:11:20.856
P,207,0.7128, -0.7226, -1.5823, 0,111,03:11:20.862
P,207,0.7128, -0.7226, -1.5823, 0,111,03:11:20.896
P,207,0.7128, -0.7226, -1.5823, 0,111,03:11:20.930
M,34,hello, time is 2195271,03:11:20.951
P,34,0.2765, 0.0589, 1.6621, 24168,100,03:11:20.951
P,207,0.7128, -0.7226, -1.5823, 0,111,03:11:20.963
P,207,0.7128, -0.7226, -1.5823, 0,111,03:11:20.998
P,207,0.7128, -0.7226, -1.5823, 0,111,03:11:21.035
M,34,hello, time is 2195371,03:11:21.051
P,34,0.2765, 0.0589, 1.6621, 24169,100,03:11:21.051
P,207,0.7128, -0.7226, -1.5823, 0,111,03:11:21.071
P,207,0.7128, -0.7226, -1.5823, 0,111,03:11:21.101
P,207,0.7128, -0.7226, -1.5823, 0,111,03:11:21.131
P,34,0.2765, 0.0589, 1.6621, 24170,100,03:11:21.151
M,34,hello, time is 2195471,03:11:21.154
P,34,0.2765, 0.0589, 1.6621, 24171,100,03:11:21.154
P,207,0.7128, -0.7226, -1.5823, 0,111,03:11:21.166
P,207,0.7128, -0.7226, -1.5823, 0,111,03:11:21.197
P,207,0.7128, -0.7226, -1.5823, 0,111,03:11:21.230
M,34,hello, time is 2195571,03:11:21.251
P,34,0.2765, 0.0589, 1.6621, 24172,100,03:11:21.252
P,207,0.7128, -0.7226, -1.5823, 0,111,03:11:21.264
P,207,0.7128, -0.7226, -1.5823, 0,111,03:11:21.293
P,207,0.7128, -0.7226, -1.5823, 0,111,03:11:21.331
M,34,hello, time is 2195671,03:11:21.351
P,34,0.2765, 0.0589, 1.6621, 24173,100,03:11:21.351
P,207,0.7128, -0.7226, -1.5823, 0,111,03:11:21.366
P,207,0.7128, -0.7226, -1.5823, 0,111,03:11:21.399
P,207,0.7128, -0.7226, -1.5823, 0,111,03:11:21.430
P,34,0.2765, 0.0589, 1.6621, 24174,100,03:11:21.453
M,34,hello, time is 2195771,03:11:21.454
P,34,0.2765, 0.0589, 1.6621, 24175,100,03:11:21.454
P,207,0.7128, -0.7226, -1.5823, 0,111,03:11:21.466
P,207,0.7128, -0.7226, -1.5823, 0,111,03:11:21.496
P,207,0.7128, -0.7226, -1.5823, 0,111,03:11:21.527
P,34,0.2765, 0.0589, 1.6621, 24176,100,03:11:21.555
M,34,hello, time is 2195871,03:11:21.557
P,34,0.2765, 0.0589, 1.6621, 24177,100,03:11:21.557
P,207,0.7128, -0.7226, -1.5823, 0,111,03:11:21.564
P,207,0.7128, -0.7226, -1.5823, 0,111,03:11:21.599
P,207,0.7128, -0.7226, -1.5823, 0,111,03:11:21.634
M,34,hello, time is 2195971,03:11:21.651
P,34,0.2765, 0.0589, 1.6621, 24178,100,03:11:21.652
P,207,0.7128, -0.7226, -1.5823, 0,111,03:11:21.665
P,207,0.7128, -0.7226, -1.5823, 0,111,03:11:21.696
P,207,0.7128, -0.7226, -1.5823, 0,111,03:11:21.730
M,34,hello, time is 2196071,03:11:21.751
P,34,0.2765, 0.0589, 1.6621, 24179,100,03:11:21.752
P,207,0.7128, -0.7226, -1.5823, 0,111,03:11:21.766
P,207,0.7128, -0.7226, -1.5823, 0,111,03:11:21.797
P,207,0.7128, -0.7226, -1.5823, 0,111,03:11:21.833
M,34,hello, time is 2196171,03:11:21.851
P,34,0.2765, 0.0589, 1.6621, 24180,100,03:11:21.851
P,207,0.7128, -0.7226, -1.5823, 0,111,03:11:21.865
P,207,0.7128, -0.7226, -1.5823, 0,111,03:11:21.899
P,207,0.7128, -0.7226, -1.5823, 0,111,03:11:21.931
M,34,hello, time is 2196271,03:11:21.951
P,34,0.2765, 0.0589, 1.6621, 24181,100,03:11:21.951
P,207,0.7128, -0.7226, -1.5823, 0,111,03:11:21.965
P,207,0.7128, -0.7226, -1.5823, 0,111,03:11:21.998
P,207,0.7128, -0.7226, -1.5823, 0,111,03:11:22.028
M,34,hello, time is 2196371,03:11:22.051
P,34,0.2765, 0.0589, 1.6621, 24182,100,03:11:22.051
P,207,0.7128, -0.7226, -1.5823, 0,111,03:11:22.066
P,207,0.7128, -0.7226, -1.5823, 0,111,03:11:22.098
P,207,0.7128, -0.7226, -1.5823, 0,111,03:11:22.134
M,34,hello, time is 2196471,03:11:22.154
P,34,0.2765, 0.0589, 1.6621, 24183,100,03:11:22.154
P,207,0.7128, -0.7226, -1.5823, 0,111,03:11:22.166
P,207,0.7128, -0.7226, -1.5823, 0,111,03:11:22.199
P,207,0.7128, -0.7226, -1.5823, 0,111,03:11:22.234
M,34,hello, time is 2196571,03:11:22.251
P,34,0.2765, 0.0589, 1.6621, 24184,100,03:11:22.251
P,207,0.7128, -0.7226, -1.5823, 0,111,03:11:22.264
P,207,0.7128, -0.7226, -1.5823, 0,111,03:11:22.300
P,207,0.7128, -0.7226, -1.5823, 0,111,03:11:22.330
M,34,hello, time is 2196671,03:11:22.351
P,34,0.2765, 0.0589, 1.6621, 24185,100,03:11:22.351
P,207,0.7128, -0.7226, -1.5823, 0,111,03:11:22.366
P,207,0.7128, -0.7226, -1.5823, 0,111,03:11:22.399
P,207,0.7128, -0.7226, -1.5823, 0,111,03:11:22.430
M,34,hello, time is 2196771,03:11:22.451
P,34,0.2765, 0.0589, 1.6621, 24186,100,03:11:22.451
P,207,0.7128, -0.7226, -1.5823, 0,111,03:11:22.462
P,207,0.7128, -0.7226, -1.5823, 0,111,03:11:22.493
P,207,0.7128, -0.7226, -1.5823, 0,111,03:11:22.528
M,34,hello, time is 2196871,03:11:22.551
P,34,0.2765, 0.0589, 1.6621, 24187,100,03:11:22.551
P,207,0.7128, -0.7226, -1.5823, 0,111,03:11:22.564
P,207,0.7128, -0.7226, -1.5823, 0,111,03:11:22.594
P,207,0.7128, -0.7226, -1.5823, 0,111,03:11:22.629
P,34,0.2765, 0.0589, 1.6621, 24188,100,03:11:22.651
M,34,hello, time is 2196971,03:11:22.655
P,34,0.2765, 0.0589, 1.6621, 24189,100,03:11:22.655
P,207,0.7128, -0.7226, -1.5823, 0,111,03:11:22.661
P,207,0.7128, -0.7226, -1.5823, 0,111,03:11:22.700
P,207,0.7128, -0.7226, -1.5823, 0,111,03:11:22.734
M,34,hello, time is 2197071,03:11:22.751
P,34,0.2765, 0.0589, 1.6621, 24190,100,03:11:22.751
P,207,0.7128, -0.7226, -1.5823, 0,111,03:11:22.765
P,207,0.7128, -0.7226, -1.5823, 0,111,03:11:22.796
P,207,0.7128, -0.7226, -1.5823, 0,111,03:11:22.833
M,34,hello, time is 2197171,03:11:22.851
P,34,0.2765, 0.0589, 1.6621, 24191,100,03:11:22.851
P,207,0.7128, -0.7226, -1.5823, 0,111,03:11:22.867
P,207,0.7128, -0.7226, -1.5823, 0,111,03:11:22.897
P,207,0.7128, -0.7226, -1.5823, 0,111,03:11:22.933
M,34,hello, time is 2197271,03:11:22.951
P,34,0.2765, 0.0589, 1.6621, 24192,100,03:11:22.951
P,207,0.7128, -0.7226, -1.5823, 0,111,03:11:22.964
P,207,0.7128, -0.7226, -1.5823, 0,111,03:11:22.999
P,207,0.7128, -0.7226, -1.5823, 0,111,03:11:23.028
M,34,hello, time is 2197371,03:11:23.051
P,34,0.2765, 0.0589, 1.6621, 24193,100,03:11:23.051
P,207,0.7128, -0.7226, -1.5823, 0,111,03:11:23.066
P,207,0.7128, -0.7226, -1.5823, 0,111,03:11:23.098
P,207,0.7128, -0.7226, -1.5823, 0,111,03:11:23.133
P,34,0.2765, 0.0589, 1.6621, 24194,100,03:11:23.151
M,34,hello, time is 2197471,03:11:23.151
P,34,0.2765, 0.0589, 1.6621, 24195,100,03:11:23.152
P,207,0.7128, -0.7226, -1.5823, 0,111,03:11:23.163
P,207,0.7128, -0.7226, -1.5823, 0,111,03:11:23.194
P,207,0.7128, -0.7226, -1.5823, 0,111,03:11:23.229
M,34,hello, time is 2197571,03:11:23.252
P,34,0.2765, 0.0589, 1.6621, 24196,100,03:11:23.252
P,207,0.7128, -0.7226, -1.5823, 0,111,03:11:23.262
P,207,0.7128, -0.7226, -1.5823, 0,111,03:11:23.300
P,207,0.7128, -0.7226, -1.5823, 0,111,03:11:23.331
M,34,hello, time is 2197671,03:11:23.351
P,34,0.2765, 0.0589, 1.6621, 24197,100,03:11:23.351
P,207,0.7128, -0.7226, -1.5823, 0,111,03:11:23.369
P,207,0.7128, -0.7226, -1.5823, 0,111,03:11:23.399
P,207,0.7128, -0.7226, -1.5823, 0,111,03:11:23.429
M,34,hello, time is 2197771,03:11:23.451
P,34,0.2765, 0.0589, 1.6621, 24198,100,03:11:23.452
P,207,0.7128, -0.7226, -1.5823, 0,111,03:11:23.463
P,207,0.7128, -0.7226, -1.5823, 0,111,03:11:23.493
P,207,0.7128, -0.7226, -1.5823, 0,111,03:11:23.528
M,34,hello, time is 2197871,03:11:23.552
P,34,0.2765, 0.0589, 1.6621, 24199,100,03:11:23.552
P,207,0.7128, -0.7226, -1.5823, 0,111,03:11:23.566
P,207,0.7128, -0.7226, -1.5823, 0,111,03:11:23.597
P,207,0.7128, -0.7226, -1.5823, 0,111,03:11:23.631
M,34,hello, time is 2197971,03:11:23.652
P,34,0.2765, 0.0589, 1.6621, 24200,100,03:11:23.652
P,207,0.7128, -0.7226, -1.5823, 0,111,03:11:23.669
P,207,0.7128, -0.7226, -1.5823, 0,111,03:11:23.701
P,207,0.7128, -0.7226, -1.5823, 0,111,03:11:23.734
M,34,hello, time is 2198071,03:11:23.754
P,34,0.2765, 0.0589, 1.6621, 24201,100,03:11:23.755
P,207,0.7128, -0.7226, -1.5823, 0,111,03:11:23.766
P,207,0.7128, -0.7226, -1.5823, 0,111,03:11:23.797
P,207,0.7128, -0.7226, -1.5823, 0,111,03:11:23.828
M,34,hello, time is 2198171,03:11:23.851
P,34,0.2765, 0.0589, 1.6621, 24202,100,03:11:23.851
P,207,0.7128, -0.7226, -1.5823, 0,111,03:11:23.861
P,207,0.7128, -0.7226, -1.5823, 0,111,03:11:23.897
P,207,0.7128, -0.7226, -1.5823, 0,111,03:11:23.929
M,34,hello, time is 2198271,03:11:23.952
P,34,0.2765, 0.0589, 1.6621, 24203,100,03:11:23.952
P,207,0.7128, -0.7226, -1.5823, 0,111,03:11:23.968
P,207,0.7128, -0.7226, -1.5823, 0,111,03:11:24.002
P,207,0.7128, -0.7226, -1.5823, 0,111,03:11:24.032
M,34,hello, time is 2198371,03:11:24.051
P,34,0.2765, 0.0589, 1.6621, 24204,100,03:11:24.051
P,207,0.7128, -0.7226, -1.5823, 0,111,03:11:24.063
P,207,0.7128, -0.7226, -1.5823, 0,111,03:11:24.100
P,207,0.7128, -0.7226, -1.5823, 0,111,03:11:24.130
M,34,hello, time is 2198471,03:11:24.152
P,34,0.2765, 0.0589, 1.6621, 24205,100,03:11:24.152
P,207,0.7128, -0.7226, -1.5823, 0,111,03:11:24.168
P,207,0.7128, -0.7226, -1.5823, 0,111,03:11:24.198
P,207,0.7128, -0.7226, -1.5823, 0,111,03:11:24.234
M,34,hello, time is 2198571,03:11:24.251
P,34,0.2765, 0.0589, 1.6621, 24206,100,03:11:24.251
P,207,0.7128, -0.7226, -1.5823, 0,111,03:11:24.267
P,207,0.7128, -0.7226, -1.5823, 0,111,03:11:24.298
P,207,0.7128, -0.7226, -1.5823, 0,111,03:11:24.328
M,34,hello, time is 2198671,03:11:24.351
P,34,0.2765, 0.0589, 1.6621, 24207,100,03:11:24.351
P,207,0.7128, -0.7226, -1.5823, 0,111,03:11:24.363
P,207,0.7128, -0.7226, -1.5823, 0,111,03:11:24.395
P,207,0.7128, -0.7226, -1.5823, 0,111,03:11:24.430
M,34,hello, time is 2198771,03:11:24.453
P,34,0.2765, 0.0589, 1.6621, 24208,100,03:11:24.453
P,207,0.7107, -0.7213, -1.6144, 0,111,03:11:24.465
P,207,0.7107, -0.7213, -1.6144, 0,111,03:11:24.496
P,207,0.7107, -0.7213, -1.6144, 0,111,03:11:24.531
M,34,hello, time is 2198871,03:11:24.551
P,34,0.2765, 0.0589, 1.6621, 24209,100,03:11:24.551
P,207,0.7107, -0.7213, -1.6144, 0,111,03:11:24.566
P,207,0.7107, -0.7213, -1.6144, 0,111,03:11:24.596
P,207,0.7107, -0.7213, -1.6144, 0,111,03:11:24.627
M,34,hello, time is 2198971,03:11:24.652
P,34,0.2765, 0.0589, 1.6621, 24210,100,03:11:24.652
P,207,0.7128, -0.7226, -1.5823, 0,111,03:11:24.661
P,207,0.7128, -0.7226, -1.5823, 0,111,03:11:24.694
P,207,0.7128, -0.7226, -1.5823, 0,111,03:11:24.729
M,34,hello, time is 2199071,03:11:24.752
P,34,0.2765, 0.0589, 1.6621, 24211,100,03:11:24.752
P,207,0.7128, -0.7226, -1.5823, 0,111,03:11:24.761
P,207,0.7128, -0.7226, -1.5823, 0,111,03:11:24.796
P,207,0.7128, -0.7226, -1.5823, 0,111,03:11:24.829
M,34,hello, time is 2199171,03:11:24.851
P,34,0.2765, 0.0589, 1.6621, 24212,100,03:11:24.851
P,207,0.7128, -0.7226, -1.5823, 0,111,03:11:24.862
P,207,0.7128, -0.7226, -1.5823, 0,111,03:11:24.895
P,207,0.7128, -0.7226, -1.5823, 0,111,03:11:24.929
M,34,hello, time is 2199271,03:11:24.953
P,34,0.2765, 0.0589, 1.6621, 24213,100,03:11:24.953
P,207,0.7128, -0.7226, -1.5823, 0,111,03:11:24.965
P,207,0.7128, -0.7226, -1.5823, 0,111,03:11:24.998
P,207,0.7128, -0.7226, -1.5823, 0,111,03:11:25.029
P,34,0.2765, 0.0589, 1.6621, 24214,100,03:11:25.053
M,34,hello, time is 2199371,03:11:25.054
P,34,0.2765, 0.0589, 1.6621, 24215,100,03:11:25.054
P,207,0.7128, -0.7226, -1.5823, 0,111,03:11:25.062
P,207,0.7128, -0.7226, -1.5823, 0,111,03:11:25.095
P,207,0.7128, -0.7226, -1.5823, 0,111,03:11:25.130
M,34,hello, time is 2199471,03:11:25.151
P,34,0.2765, 0.0589, 1.6621, 24216,100,03:11:25.151
P,207,0.7128, -0.7226, -1.5823, 0,111,03:11:25.164
P,207,0.7128, -0.7226, -1.5823, 0,111,03:11:25.194
P,207,0.7128, -0.7226, -1.5823, 0,111,03:11:25.235
M,34,hello, time is 2199571,03:11:25.251
P,34,0.2765, 0.0589, 1.6621, 24217,100,03:11:25.251
P,207,0.7128, -0.7226, -1.5823, 0,111,03:11:25.266
P,207,0.7128, -0.7226, -1.5823, 0,111,03:11:25.298
P,207,0.7128, -0.7226, -1.5823, 0,111,03:11:25.329
M,34,hello, time is 2199671,03:11:25.350
P,34,0.2765, 0.0589, 1.6621, 24218,100,03:11:25.350
P,207,0.7128, -0.7226, -1.5823, 0,111,03:11:25.358
P,207,0.7128, -0.7226, -1.5823, 0,111,03:11:25.396
P,207,0.7128, -0.7226, -1.5823, 0,111,03:11:25.433
M,34,hello, time is 2199771,03:11:25.451
P,34,0.2765, 0.0589, 1.6621, 24219,100,03:11:25.451
P,207,0.7128, -0.7226, -1.5823, 0,111,03:11:25.463
P,207,0.7128, -0.7226, -1.5823, 0,111,03:11:25.494
P,207,0.7128, -0.7226, -1.5823, 0,111,03:11:25.529
M,34,hello, time is 2199871,03:11:25.551
P,34,0.2765, 0.0589, 1.6621, 24220,100,03:11:25.551
P,207,0.7128, -0.7226, -1.5823, 0,111,03:11:25.562
P,207,0.7128, -0.7226, -1.5823, 0,111,03:11:25.598
P,207,0.7128, -0.7226, -1.5823, 0,111,03:11:25.628
P,34,0.2765, 0.0589, 1.6621, 24221,100,03:11:25.652
M,34,hello, time is 2199971,03:11:25.653
P,34,0.2765, 0.0589, 1.6621, 24222,100,03:11:25.653
P,207,0.7128, -0.7226, -1.5823, 0,111,03:11:25.662
P,207,0.7128, -0.7226, -1.5823, 0,111,03:11:25.694
P,207,0.7128, -0.7226, -1.5823, 0,111,03:11:25.725
M,34,hello, time is 2200071,03:11:25.755
P,34,0.2765, 0.0589, 1.6621, 24223,100,03:11:25.755
P,207,0.7128, -0.7226, -1.5823, 0,111,03:11:25.759
P,207,0.7128, -0.7226, -1.5823, 0,111,03:11:25.796
P,207,0.7128, -0.7226, -1.5823, 0,111,03:11:25.828
M,34,hello, time is 2200171,03:11:25.851
P,34,0.2765, 0.0589, 1.6621, 24224,100,03:11:25.851
P,207,0.7128, -0.7226, -1.5823, 0,111,03:11:25.863
P,207,0.7128, -0.7226, -1.5823, 0,111,03:11:25.900
P,207,0.7128, -0.7226, -1.5823, 0,111,03:11:25.933
M,34,hello, time is 2200271,03:11:25.953
P,34,0.2765, 0.0589, 1.6621, 24225,100,03:11:25.954
P,207,0.7128, -0.7226, -1.5823, 0,111,03:11:25.969
P,207,0.7128, -0.7226, -1.5823, 0,111,03:11:26.001
P,207,0.7128, -0.7226, -1.5823, 0,111,03:11:26.031
M,34,hello, time is 2200371,03:11:26.050
P,34,0.2765, 0.0589, 1.6621, 24226,100,03:11:26.051
P,207,0.7128, -0.7226, -1.5823, 0,111,03:11:26.061
P,207,0.7128, -0.7226, -1.5823, 0,111,03:11:26.095
P,207,0.7128, -0.7226, -1.5823, 0,111,03:11:26.125
P,34,0.2765, 0.0589, 1.6621, 24227,100,03:11:26.151
M,34,hello, time is 2200471,03:11:26.151
P,34,0.2765, 0.0589, 1.6621, 24228,100,03:11:26.151
P,207,0.7128, -0.7226, -1.5823, 0,111,03:11:26.159
P,207,0.7128, -0.7226, -1.5823, 0,111,03:11:26.194
P,207,0.7128, -0.7226, -1.5823, 0,111,03:11:26.228
M,34,hello, time is 2200571,03:11:26.254
P,34,0.2765, 0.0589, 1.6621, 24229,100,03:11:26.254
P,207,0.7128, -0.7226, -1.5823, 0,111,03:11:26.263
P,207,0.7128, -0.7226, -1.5823, 0,111,03:11:26.300
P,207,0.7128, -0.7226, -1.5823, 0,111,03:11:26.329
M,34,hello, time is 2200671,03:11:26.353
P,34,0.2765, 0.0589, 1.6621, 24230,100,03:11:26.353
P,207,0.7128, -0.7226, -1.5823, 0,111,03:11:26.361
P,207,0.7128, -0.7226, -1.5823, 0,111,03:11:26.394
P,207,0.7128, -0.7226, -1.5823, 0,111,03:11:26.427
M,34,hello, time is 2200771,03:11:26.451
P,34,0.2765, 0.0589, 1.6621, 24231,100,03:11:26.452
P,207,0.7128, -0.7226, -1.5823, 0,111,03:11:26.465
P,207,0.7128, -0.7226, -1.5823, 0,111,03:11:26.494
P,207,0.7128, -0.7226, -1.5823, 0,111,03:11:26.531
M,34,hello, time is 2200871,03:11:26.551
P,34,0.2765, 0.0589, 1.6621, 24232,100,03:11:26.551
P,207,0.7128, -0.7226, -1.5823, 0,111,03:11:26.561
P,207,0.7128, -0.7226, -1.5823, 0,111,03:11:26.596
P,207,0.7128, -0.7226, -1.5823, 0,111,03:11:26.629
M,34,hello, time is 2200971,03:11:26.651
P,34,0.2765, 0.0589, 1.6621, 24233,100,03:11:26.652
P,207,0.7128, -0.7226, -1.5823, 0,111,03:11:26.659
P,207,0.7128, -0.7226, -1.5823, 0,111,03:11:26.692
P,207,0.7128, -0.7226, -1.5823, 0,111,03:11:26.726
M,34,hello, time is 2201071,03:11:26.751
P,34,0.2765, 0.0589, 1.6621, 24234,100,03:11:26.751
P,207,0.7128, -0.7226, -1.5823, 0,111,03:11:26.760
P,207,0.7128, -0.7226, -1.5823, 0,111,03:11:26.796
P,207,0.7128, -0.7226, -1.5823, 0,111,03:11:26.831
M,34,hello, time is 2201171,03:11:26.855
P,34,0.2765, 0.0589, 1.6621, 24235,100,03:11:26.855
P,207,0.7128, -0.7226, -1.5823, 0,111,03:11:26.862
P,207,0.7128, -0.7226, -1.5823, 0,111,03:11:26.901
P,207,0.7128, -0.7226, -1.5823, 0,111,03:11:26.935
M,34,hello, time is 2201271,03:11:26.951
P,34,0.2765, 0.0589, 1.6621, 24236,100,03:11:26.951
P,207,0.7107, -0.7213, -1.6144, 0,111,03:11:26.967
P,207,0.7107, -0.7213, -1.6144, 0,111,03:11:26.998
P,207,0.7107, -0.7213, -1.6144, 0,111,03:11:27.029
M,34,hello, time is 2201371,03:11:27.051
P,34,0.2800, 0.0601, 1.6448, 24237,100,03:11:27.051
P,207,0.7107, -0.7213, -1.6144, 0,111,03:11:27.062
P,207,0.7107, -0.7213, -1.6144, 0,111,03:11:27.095
P,207,0.7107, -0.7213, -1.6144, 0,111,03:11:27.130
P,34,0.2765, 0.0589, 1.6621, 24238,100,03:11:27.151
M,34,hello, time is 2201471,03:11:27.151
P,34,0.2765, 0.0589, 1.6621, 24239,100,03:11:27.152
P,207,0.7107, -0.7213, -1.6144, 0,111,03:11:27.164
P,207,0.7107, -0.7213, -1.6144, 0,111,03:11:27.196
P,207,0.7107, -0.7213, -1.6144, 0,111,03:11:27.233
P,34,0.2765, 0.0589, 1.6621, 24240,100,03:11:27.252
M,34,hello, time is 2201571,03:11:27.253
P,34,0.2765, 0.0589, 1.6621, 24241,100,03:11:27.253
P,207,0.7128, -0.7226, -1.5823, 0,111,03:11:27.265
P,207,0.7128, -0.7226, -1.5823, 0,111,03:11:27.296
P,207,0.7128, -0.7226, -1.5823, 0,111,03:11:27.331
M,34,hello, time is 2201671,03:11:27.355
P,34,0.2765, 0.0589, 1.6621, 24242,100,03:11:27.355
P,207,0.7128, -0.7226, -1.5823, 0,111,03:11:27.369
P,207,0.7128, -0.7226, -1.5823, 0,111,03:11:27.400
P,207,0.7128, -0.7226, -1.5823, 0,111,03:11:27.431
M,34,hello, time is 2201771,03:11:27.452
P,34,0.2765, 0.0589, 1.6621, 24243,100,03:11:27.452
P,207,0.7128, -0.7226, -1.5823, 0,111,03:11:27.465
P,207,0.7128, -0.7226, -1.5823, 0,111,03:11:27.494
P,207,0.7128, -0.7226, -1.5823, 0,111,03:11:27.530
M,34,hello, time is 2201871,03:11:27.552
P,34,0.2765, 0.0589, 1.6621, 24244,100,03:11:27.552
P,207,0.7128, -0.7226, -1.5823, 0,111,03:11:27.567
P,207,0.7128, -0.7226, -1.5823, 0,111,03:11:27.599
P,207,0.7128, -0.7226, -1.5823, 0,111,03:11:27.633
M,34,hello, time is 2201971,03:11:27.651
P,34,0.2765, 0.0589, 1.6621, 24245,100,03:11:27.652
P,207,0.7128, -0.7226, -1.5823, 0,111,03:11:27.664
P,207,0.7128, -0.7226, -1.5823, 0,111,03:11:27.697
P,207,0.7107, -0.7213, -1.6144, 0,111,03:11:27.732
P,34,0.2800, 0.0601, 1.6448, 24246,100,03:11:27.752
M,34,hello, time is 2202071,03:11:27.753
P,34,0.2800, 0.0601, 1.6448, 24247,100,03:11:27.753
P,207,0.7107, -0.7213, -1.6144, 0,111,03:11:27.765
P,207,0.7107, -0.7213, -1.6144, 0,111,03:11:27.795
P,207,0.7107, -0.7213, -1.6144, 0,111,03:11:27.829
M,34,hello, time is 2202171,03:11:27.853
P,34,0.2800, 0.0601, 1.6448, 24248,100,03:11:27.853
P,207,0.7107, -0.7213, -1.6144, 0,111,03:11:27.865
P,207,0.7107, -0.7213, -1.6144, 0,111,03:11:27.898
P,207,0.7107, -0.7213, -1.6144, 0,111,03:11:27.928
M,34,hello, time is 2202271,03:11:27.952
P,34,0.2800, 0.0601, 1.6448, 24249,100,03:11:27.952
P,207,0.7107, -0.7213, -1.6144, 0,111,03:11:27.963
P,207,0.7107, -0.7213, -1.6144, 0,111,03:11:28.000
P,207,0.7107, -0.7213, -1.6144, 0,111,03:11:28.031
M,34,hello, time is 2202371,03:11:28.051
P,34,0.2836, 0.0598, 1.6815, 24250,100,03:11:28.051
P,207,0.7107, -0.7213, -1.6144, 0,111,03:11:28.061
P,207,0.7107, -0.7213, -1.6144, 0,111,03:11:28.094
P,207,0.7107, -0.7213, -1.6144, 0,111,03:11:28.128
M,34,hello, time is 2202471,03:11:28.152
P,34,0.2836, 0.0598, 1.6815, 24251,100,03:11:28.152
P,207,0.7107, -0.7213, -1.6144, 0,111,03:11:28.161
P,207,0.7107, -0.7213, -1.6144, 0,111,03:11:28.195
P,207,0.7107, -0.7213, -1.6144, 0,111,03:11:28.234
M,34,hello, time is 2202571,03:11:28.251
P,34,0.2836, 0.0598, 1.6815, 24252,100,03:11:28.251
P,207,0.7107, -0.7213, -1.6144, 0,111,03:11:28.266
P,207,0.7107, -0.7213, -1.6144, 0,111,03:11:28.296
P,207,0.7107, -0.7213, -1.6144, 0,111,03:11:28.324
P,34,0.2836, 0.0598, 1.6815, 24253,100,03:11:28.352
M,34,hello, time is 2202671,03:11:28.355
P,34,0.2836, 0.0598, 1.6815, 24254,100,03:11:28.355
P,207,0.7107, -0.7213, -1.6144, 0,111,03:11:28.358
P,207,0.7107, -0.7213, -1.6144, 0,111,03:11:28.400
P,207,0.7107, -0.7213, -1.6144, 0,111,03:11:28.430
M,34,hello, time is 2202771,03:11:28.451
P,34,0.2800, 0.0601, 1.6448, 24255,100,03:11:28.451
P,207,0.7107, -0.7213, -1.6144, 0,111,03:11:28.460
P,207,0.7107, -0.7213, -1.6144, 0,111,03:11:28.494
P,207,0.7107, -0.7213, -1.6144, 0,111,03:11:28.525
M,34,hello, time is 2202871,03:11:28.551
P,34,0.2836, 0.0598, 1.6815, 24256,100,03:11:28.551
P,207,0.7107, -0.7213, -1.6144, 0,111,03:11:28.564
P,207,0.7107, -0.7213, -1.6144, 0,111,03:11:28.597
P,207,0.7107, -0.7213, -1.6144, 0,111,03:11:28.632
M,34,hello, time is 2202971,03:11:28.652
P,34,0.2836, 0.0598, 1.6815, 24257,100,03:11:28.652
P,207,0.7107, -0.7213, -1.6144, 0,111,03:11:28.667
P,207,0.7107, -0.7213, -1.6144, 0,111,03:11:28.697
P,207,0.7107, -0.7213, -1.6144, 0,111,03:11:28.735
M,34,hello, time is 2203071,03:11:28.751
P,34,0.2836, 0.0598, 1.6815, 24258,100,03:11:28.751
